feature_id,subsystem,feature,Wicked_source_or_API,pinned_upstream_sha,exposure_tier,editor_UI_status,cpp_status,lua_status,serialization_project_status,undo_redo_status,test_or_demo,documentation,supported_platforms_and_limitations,verification_result,verifier
REN-FLW-001,Story Flow,Story Flow-native project home with governed Level/Screen lifecycle and synchronized Journey/Graph authoring,Renegade ProjectService StudioProjectService FlowService StoryFlowProjectHomeService StoryFlowLevelLifecycleService StoryFlowScreenLifecycleService StoryFlowJourneyModel and dedicated Studio render path,N/A Renegade-owned,T1,Gates 1-7 accepted and merged; Journey recovery now exposes the fixed concept shell image-led reel role-coloured branch rows Inspector routing fixed overview and functional navigation,Available through UI-independent stable-ID project Flow Level Screen Journey projection and interaction-policy services plus Journey-native stable-ID route authoring,Runtime consumes the authoritative startup Flow and Story Flow Preview launches the governed project descriptor without an LP04 snapshot,Versioned .renegade launch-root metadata plus renegade-story-flow runtime-screen Scene identity sidecars and schema-v2 editor-only Story Flow layout,Flow authoring uses one dedicated command history; Journey Inspector and Graph share it; project Level and Screen multi-document changes are governed and transactional,Gate 1-7 suites plus Journey fixed-layout tests updated Gate 9D ownership contract no-snapshot Runtime process proof and Journey recovery source contract,docs/STORY_FLOW_GATE7_PROJECT_HOME_LIFECYCLE.md docs/STORY_FLOW_GATE6_JOURNEY_VIEW_MVP.md docs/STORY_FLOW_JOURNEY_VIEW_IMPLEMENTATION_PLAN.md docs/STORY_FLOW_JOURNEY_RECOVERY_9A_9F.md,Windows x64; Journey recovery active on draft PR 100; Graph frozen; exact-head Windows CI and owner screenshots still required,JOURNEY RECOVERY 9A-9E IMPLEMENTED LOCALLY; SOURCE AND FIXED-LAYOUT CONTRACTS PASS; WINDOWS BUILD AND OWNER VISUAL ACCEPTANCE PENDING,GitHub Actions plus project owner exact Release audit
REN-CORE-001,Core,Application lifecycle,WickedEngine/wiApplication.h,3a800b7134aafe58461093c8abb2e274d4e64033,T3,Phase 2 Studio and Runtime shells passed,Available,Available,N/A,N/A,RenegadeStudio and RenegadeRuntime Release artifacts,WickedEngine/README.md,Windows x64 Phase 2 proof,STUDIO AND RUNTIME PASSED,Project owner Windows GPU check
REN-GFX-001,Graphics,DirectX 12 renderer,WickedEngine/wiGraphicsDevice_DX12.h,3a800b7134aafe58461093c8abb2e274d4e64033,T2,Phase 2 Studio and Runtime visual proof passed,Available,Partial,Display settings deferred,N/A,RenegadeStudio and RenegadeRuntime DX12 fixture,docs/PHASE2_DISPLAY_GATE.md,Windows x64 v1 target,DX12 STUDIO AND RUNTIME PASSED,Project owner Windows GPU check
REN-GFX-002,Graphics,Vulkan renderer,WickedEngine/wiGraphicsDevice_Vulkan.h,3a800b7134aafe58461093c8abb2e274d4e64033,T2,Phase 2 Studio visual proof passed,Available,Partial,Display settings deferred,N/A,Packaged Vulkan launcher,docs/PHASE2_DISPLAY_GATE.md,Windows development cross-check; Linux later,VULKAN STUDIO PASSED,Project owner Windows GPU check
REN-GFX-003,Graphics,Metal renderer,WickedEngine/wiGraphicsDevice_Metal.h,3a800b7134aafe58461093c8abb2e274d4e64033,T3,Deferred,Available,Not assessed,N/A,N/A,TBD,WickedEngine/features.txt,macOS/iOS post-v1 feasibility,NOT VERIFIED,TBD
REN-SCN-001,Scene,Entity-component scene,WickedEngine/wiScene.h,3a800b7134aafe58461093c8abb2e274d4e64033,T1,Phase 2 Studio and Runtime proof passed,Available,Available,WISCENE,Required,RenegadeStudio and RenegadeRuntime cube fixture,WickedEngine/Content/Documentation/WickedEngine-Documentation.md,Windows x64 Phase 2 proof,STUDIO AND RUNTIME PASSED,Project owner Windows GPU check
REN-SCN-002,Scene,Transform hierarchy and viewport selection,WickedEngine/wiScene_Components.h,3a800b7134aafe58461093c8abb2e274d4e64033,T1,Phase 3 viewport selection filtered hierarchy full transforms focus and scene actions passed packaged DX12 testing,Available through EngineBridge,Available,WISCENE save and reopen with transient outline isolation,Complete transform duplicate and delete commands with Undo/Redo tests,RenegadeBridgeTests plus packaged editor usability check,docs/PHASE3_EDITOR_USABILITY.md,Windows x64 DX12 and Vulkan passed; transform regression rechecked during environment authoring acceptance,DX12 AND VULKAN EDITOR USABILITY PASSED,Project owner Windows GPU check
REN-REN-001,Rendering,PBR materials and meshes,WickedEngine/wiScene_Components.h,3a800b7134aafe58461093c8abb2e274d4e64033,T1,Proving Ground rebuilt with generated ground relief and a shared PBR material vocabulary; authoring UI not started,Available through SceneService,Available,WISCENE,Required,RenegadeBridgeTests Proving Ground blueprint structure,docs/PHASE3_VIEWPORT_VISUAL_FOUNDATION.md,Generated ground relief is not a terrain-authoring system; relief amplitude subtle and albedo washes out under the sky; correctable once material authoring lands,DX12 AND VULKAN PASSED at 8787a4c,Project owner Windows GPU check
REN-REN-002,Rendering,Lights shadows and environment,WickedEngine/wiRenderer.h and wiScene_Components.h,3a800b7134aafe58461093c8abb2e274d4e64033,T1,Environment authoring plus dedicated Environment and named Sun ownership for new and legacy blank Levels; Gate 2 Light Inspector and active Add menu create all four native light types with placement markers and grouped hierarchy discoverability,Available through SceneService weather services CreateEnvironmentCommand SunService LightService CreateLightCommand and SetLightCommand,Available,WISCENE dedicated Weather carrier named directional Sun and native LightComponent state including Add Light round-trip coverage; all light markers and hierarchy groups are Studio-only and not serialized,Complete for curated weather precipitation sun light edits atomic Environment/Sun creation and light entity creation with no-op filtering preview transactions Undo/Redo placement cancellation grouped hierarchy reveal and editor-only light selection,RenegadeBridgeTests RenegadeStoryFlowGate4LevelLifecycleTests RenegadeSceneUiGate5SourceContract RenegadePrecipitationTests RenegadeSunTests and RenegadeLightTests plus packaged input hierarchy and marker inspection,docs/PHASE3_ENVIRONMENT_WORKSPACE_PRECIPITATION.md docs/PHASE3_SUN_TIME_OF_DAY_AUTHORING.md docs/PHASE3_LIGHT_MATERIAL_AUTHORING.md and docs/SCENE_UI_GATE5_ENVIRONMENT_TERRAIN.md,Snow remains a native-emitter visual profile; advanced light cascades masks cookies and baking remain deferred; corrected PR 105 exact-head Windows and packaged owner acceptance pending,PR105 901D3B9 OWNER-REJECTED FOR BLACK MIDDAY SKY; LIVE-ATMOSPHERE AND ATOMIC SUN CORRECTION LOCALLY SYNTAX-CHECKED; CI AND OWNER RETEST PENDING,Project owner Windows GPU check
REN-REN-003,Rendering,Ray and path tracing,WickedEngine/wiRenderer.h,3a800b7134aafe58461093c8abb2e274d4e64033,T2,Not started,Available,Not assessed,Settings TBD,Required where persistent,TBD,WickedEngine/features.txt,Requires supported GPU/API,NOT VERIFIED,TBD
REN-REN-004,Rendering,Editor viewport grid,Studio/shaders/RenegadeGrid* Renegade-owned,3a800b7134aafe58461093c8abb2e274d4e64033,T1,Renegade shader grid replaces Wicked's stock helper; infinite adaptive analytically anti-aliased and fully Renegade-coloured; command-bar toggle bound to G,Available,Not applicable,Never serialized; visibility persisted as an editor preference,Not applicable,RenegadeBridgeTests rejects generated grid geometry and duplicate names,docs/PHASE3_EDITOR_VISUAL_POLISH.md,Shaders compile at runtime from Content/shaders beside the executable; a load failure logs a warning and skips the grid; the pass opens its own colour/depth attachments and resolves MSAA,DX12 AND VULKAN PASSED at 8787a4c,Project owner Windows GPU check
REN-PRJ-002,Projects,Persisted editor preferences,EngineBridge/ProjectService,N/A Renegade-owned,T1,Grid drawer open state last tab Hierarchy width Inspector width and drawer height persist across restart,Available through ProjectService,Not applicable,wi::config editor section beside the recent-project registry; never in WISCENE or .renegade,Not applicable,RenegadeBridgeTests editor preference round trip plus packaged Studio restart check,docs/PHASE3_EDITOR_VISUAL_POLISH.md docs/PHASE3_WORKSPACE_STABILIZATION.md and docs/PHASE3_WORKSPACE_STABILIZATION_CORRECTION.md,Camera speed and future docking topology remain session-only,LAYOUT PERSISTENCE NOT YET PACKAGED-VERIFIED,Pending project owner Windows GPU check
REN-PHY-001,Physics,Rigid soft character vehicle and constraints,WickedEngine/wiPhysics.h,3a800b7134aafe58461093c8abb2e274d4e64033,T1,"Not started; no Studio Inspector or Add-menu wiring yet, only the UI-independent CollisionService bridge layer below","Available natively; CollisionService (EngineBridge) adds a curated, undoable authoring surface over wi::scene::RigidBodyPhysicsComponent scoped to the four primitive shapes sized from explicit dimensions (Box/Sphere/Capsule/Cylinder -- Cylinder shares Capsule's underlying radius/height storage in Wicked at zero extra cost) plus mass/friction/restitution -- Convex Hull, Triangle Mesh, Heightfield, and vehicle/character physics remain native-only and unexposed, committed uncommitted and unverified",Available,WISCENE,"CreateCollisionCommand/SetCollisionCommand/RemoveCollisionCommand added, mirroring CreateLightCommand/SetLightCommand and SetMaterialCommand; component-level add/remove on a persisting entity (not an entity-level snapshot like CreateLightCommand needs, since the target entity is never created or destroyed by these commands), unit-tested, no packaged run yet","RenegadeCollisionTests covers SanitizeCollisionState degenerate-value flooring, CreateCollisionCommand Execute/Undo/Redo (including duplicate-create rejection), SetCollisionCommand Execute/Undo/Redo and no-op filtering, and RemoveCollisionCommand Execute/Undo (including removing an entity with no rigidbody); no packaged DX12/Vulkan run yet since there is no UI to drive it; a dedicated Cylinder case proves its dimensions reach the native capsule storage",WickedEngine/features.txt,"Windows x64; CollisionService has run no local syntax check no build and no packaged test of any kind; scoped to shapes attachable to any transform without requiring a MeshComponent (Box/Sphere/Capsule); Convex Hull/Triangle Mesh need a mesh-bearing entity and mesh_lod target, a separate not-yet-designed targeting problem","NOT VERIFIED -- COLLISIONSERVICE IMPLEMENTED, NO BUILD OR PACKAGED RUN YET",TBD
REN-ANI-001,Animation,Native playback humanoid retarget IK expressions and timeline authoring,WickedEngine/wiScene_Components.h wiScene::RetargetAnimation plus Renegade Phase 7 services,3a800b7134aafe58461093c8abb2e274d4e64033,T1,Phase 7A-D merged: playback/scrub/range/loop controls; humanoid auto-map and manual correction; native baked retarget; IK/look-at/expressions; NEW CLIP and native timeline key/event authoring,Available through native AnimationComponent AnimationDataComponent HumanoidComponent InverseKinematicsComponent ExpressionComponent plus Renegade command-backed bridge services,Underlying Wicked Lua animation APIs remain available; Renegade governed timeline script events are deliberately not exposed until an explicit .rscripts adapter exists,WISCENE native animation/humanoid/IK/expression state; retarget result is baked into native animation/data components,Persistent edits are command-backed; repaired retarget Undo/Redo restores captured baked animation/data snapshots without reopening source; timeline keys use deterministic snapshot history,Phase7 Gate 7A-7D executable/source contracts including chronological key pairing same-time event de-duplication event-safe Close Loop and retarget snapshot source contract,docs/PHASE7_INTEGRATED_REPAIR_AUDIT.md docs/ROADMAP.md,Windows x64; real importer/character compatibility and retarget replay require exact-head owner proof; script timeline events deferred,PHASE 7A-D MERGED; INTEGRATED 7B/7D REPAIR IMPLEMENTED; EXACT-HEAD WINDOWS CI AND OWNER ACCEPTANCE PENDING,GitHub Actions plus project owner exact Release audit
REN-WLD-001,World,Terrain virtual textures ocean fluids and splines,WickedEngine/wiTerrain.h wiOcean.h and wiScene_Components.h,3a800b7134aafe58461093c8abb2e274d4e64033,T1,Native FFT Ocean plus finite terrain/sculpt/material controls; Phase 7E adds material-layer paint R16 heightmap import/export VT visibility and native Spline node/corridor controls,Available through OceanService TerrainService TerrainCreatorGapService SpecialistComponentService and native SplineComponent; authored terrain remains Wicked-native chunk height/blend authority,Not assessed,Native WeatherComponent OceanParameters Terrain and Spline components in WISCENE with Renegade command-backed creator state,Ocean/terrain commands plus TerrainMaterialPaintCommand ImportTerrainHeightmapR16Command SetSplineStateCommand AddSplineNodeCommand and RemoveLastSplineNodeCommand provide Undo/Redo where mutation is persistent,RenegadeOceanTests RenegadeTerrainTests RenegadePhase7Gate7ESpecialistTests Phase7Gate7ESourceContract and existing Scene UI terrain contracts,docs/PHASE3_NATIVE_OCEAN_AUTHORING.md docs/PHASE3_TERRAIN_AUTHORING.md docs/PHASE3_TERRAIN_POLISH.md docs/PHASE7_INTEGRATED_REPAIR_AUDIT.md,Finite authored terrain remains deliberately non-stream-erasable; Wicked fluid breadth beyond accepted ocean/terrain creator surfaces remains later work,PHASE 7E WORLD/SPLINE EXPOSURE MERGED; INTEGRATED REPAIR EXACT-HEAD CI AND OWNER REGRESSION SMOKE PENDING,GitHub Actions plus project owner exact Release audit
REN-FX-001,Effects,Particles hair and force fields,WickedEngine/wiEmittedParticle.h wiHairParticle.h and ForceFieldComponent,3a800b7134aafe58461093c8abb2e274d4e64033,T1,Native GPU particle authoring merged earlier; Phase 7E exposes Hair/Fur and Point/Plane Force Field authoring in the Specialist Inspector,Available through existing particle services plus SpecialistComponentService native HairParticleSystem and ForceFieldComponent state,Not assessed,WISCENE native emitter hair material and force-field state,Persistent Hair and Force state plus component creation are command-backed with Undo/Redo,Existing particle tests plus RenegadePhase7Gate7ESpecialistTests and Phase7Gate7ESourceContract,docs/PHASE7_INTEGRATED_REPAIR_AUDIT.md,Windows x64; high strand/emitter budgets remain hardware-sensitive and must be owner-smoke-tested,PHASE 7E HAIR/FORCE EXPOSURE MERGED; INTEGRATED REPAIR CI AND OWNER REGRESSION SMOKE PENDING,GitHub Actions plus project owner exact Release audit
REN-AUD-001,Audio,3D audio and scene mixing,WickedEngine/wiAudio.h wiScene SoundComponent through Renegade AudioService,3a800b7134aafe58461093c8abb2e274d4e64033,T1,Gate 3 draft adds an AUDIO viewport tool and independent right-side authoring surface with explicit Add Global Sound and Add 3D Sound paths source asset Preview Play/Stop Play On Start Loop Spatial 3D Volume Reverb Bus plus Scene Mix controls,Available through validated command-backed SoundSourceState SceneAudioMixState native SoundComponent creation Runtime activation cursor-preserving Pause/Resume and Reset boundaries; reusable trigger volumes are deferred to a shared ZoneService,Native Wicked Lua audio remains available; stable Renegade gameplay Lua audio belongs to Gate 4,WISCENE SoundComponent plus versioned Renegade source/mix Metadata; existing WISCENE dependency extraction owns WAV/OGG package closure,CreateSoundSourceCommand SetSoundSourceCommand and SetSceneAudioMixCommand provide Undo/Redo; Studio Preview and editor source glyphs are transient and never serialized,RenegadePhase6Gate3AudioTests plus strengthened source contract cover sanitization global-vs-positional creation metadata format preflight independent Audio ownership transient preview Runtime lifecycle and exclusion of deferred zone behavior,docs/PHASE6_GATE3_SPATIAL_AUDIO.md docs/ARCHITECTURE.md,Windows x64 DX12; head 75218f6 passed four Windows jobs and owner confirmed global audio Preview Play/Stop and positional 3D Test Level playback; exact zone-removal head still requires CI save/reopen and packaged checks,PHASE 6 GATE 3 CORE AUDIO OWNER-PROVEN; ZONES DEFERRED; EXACT REPAIR HEAD NOT OWNER-ACCEPTED,GitHub Actions plus project owner exact-head Studio and packaged acceptance
REN-INP-001,Input,Keyboard mouse controller and feedback,WickedEngine/wiInput.h,3a800b7134aafe58461093c8abb2e274d4e64033,T1,Phase 3 click selection fly camera and standard editor shortcuts passed packaged DX12 testing,Available,Available,Camera settings and shortcut rebinding deferred,Required,Packaged viewport and editor usability checks,docs/PHASE3_EDITOR_USABILITY.md,Controller and input rebinding remain deferred,DX12 AND VULKAN INPUT PASSED,Project owner Windows GPU check
REN-SCR-001,Scripting,Governed Lua runtime authoring and six stock Actions,WickedEngine/wiLua.h plus Renegade RuntimeScriptRuntime ScriptAuthoringService and ScriptLibraryService,3a800b7134aafe58461093c8abb2e274d4e64033,T1,ACTION SCRIPT and GLOBAL SCRIPT authoring available; S7 candidate repairs imported identity and picker layout,Available through restricted metadata stable EntityRef transform player input event audio and UI prompt seams,S7 package supplies Door Switch Trigger Zone Pickup Relay and Play Sound as vanilla Lua,.rscripts companion plus project-owned adopted Content/Scripts closure,Attachment property order enable and missing-identity repair use shared Scene Undo/Redo,S2-S7 unit integration source contract package validation and owner Test Level checklist,docs/SCRIPTING_S6_LIBRARY_ADOPTION_PACKAGE_CLOSURE.md docs/SCRIPTING_S7_STOCK_ACTIONS_OWNER_TEST.md,Windows x64; final PR 144 exact-head CI and packaged owner acceptance pending,S7 COMPLETION CANDIDATE; LOCAL LUA SYNTAX HASH AND INTERACTION SIMULATIONS PASS; WINDOWS AND OWNER ACCEPTANCE PENDING,GitHub Actions plus project owner exact packaged acceptance
REN-SER-001,Serialization,WISCENE save/load,WickedEngine/wiScene_Serializers.h,3a800b7134aafe58461093c8abb2e274d4e64033,T1,Renegade Save Save As Open and Reopen use one document boundary; Open prepares asynchronously and commits atomically; Save validates before atomic replacement and maintains previous plus ten rolling backups,Available through SceneDocumentService using Wicked Archive Scene serialization jobsystem and thread-safe events; Runtime shares archive preparation through SceneService,Available,WISCENE native plus openable previous and rolling backup WISCENE files,Required,RenegadeBridgeTests transform weather native terrain sculpt pixels Save As failed-save preservation previous backup rolling retention prepared Open and corrupt-open coverage plus packaged Studio Windows GPU acceptance,docs/PHASE3_VIEWPORT_VISUAL_FOUNDATION.md docs/PHASE3_EDITOR_USABILITY.md and docs/PHASE3_WICKED_OPEN_SCENE_INTEGRATION.md,No Wicked fork or submodule change; packaged DX12 and Vulkan terrain round trips passed; backup failure-path and Runtime checks remain,DX12 AND VULKAN TERRAIN SAVE-OPEN PASSED; FULL DOCUMENT CHECKLIST PENDING,Project owner Windows GPU check
REN-IMP-001,Import,OBJ FBX glTF/GLB VRM/VRMA and PLY,WickedEngine/Editor/ModelImporter_GLTF.cpp and ModelImporter.h,3a800b7134aafe58461093c8abb2e274d4e64033,T1,"Gate 1 diagnostic BUILD menu proof passed both renderers; ADD > IMPORT MODEL... scene-placement menu item committed, built, and packaged-accepted on both DX12 and Vulkan, including automatic import-scale correction landing models at a plausible size with a matching AUTO SCALE status readout and Inspector Scale X/Y/Z; a manual Import Scale panel (Original/Meters, Centimeters, Inches override buttons shown right after placement) is implemented uncommitted and unverified in packaged Studio","Available through staged ImportService preparation and completion for isolated GLB/GLTF conversion; PlaceImportedModelCommand merges a converted model into the active scene and applies a non-destructive uniform import-scale correction (ImportService::ModelScaleMode/ResolveScaleFactor), committed and packaged-verified; Automatic mode is the only one wired to the import flow, Centimeters/Inches implemented and tested but not yet exposed in any UI; other import formats deferred; ApplyImportScaleMode() resets the imported root Scale to a chosen literal multiplier through the existing SetTransformCommand path, uncommitted; PlaceImportedModelCommand now calls Play() on every animation the import adds (Wicked creates AnimationComponent paused by default and never calls Play() itself), uncommitted and unverified",Partial,"Gate 1 proof WISCENE writes only to Saved/Validation/ModelImport; placement merges into the active scene and persists, including the applied import scale, only through the normal scene Save path with no separate asset file, packaged-confirmed across Save/close/Reopen; project asset registry still deferred to the later Add Asset workspace","PlaceImportedModelCommand supports Undo/Redo via Scene::Entity_Serialize snapshot restore matching DuplicateEntityCommand/DeleteEntityCommand, packaged-confirmed on both DX12 and Vulkan including that Redo restores the applied import scale; the manual Import Scale panel routes through SetTransformCommand so each override is its own Undo/Redo step, uncommitted and unverified; animation playing state is captured by the same existing entity snapshot (animations are Component_Attach-ed under the import root by ModelImporter_GLTF.cpp), no new Undo/Redo logic needed, uncommitted and unverified","RenegadeImportTests covers validation summary prepared-completion contract, PlaceImportedModelCommand Execute/Undo/Redo on a synthetic scene including the applied scale factor, and ResolveScaleFactor literal-multiplier/empty-scene-fallback/bounding-box-normalization cases; packaged DX12 and Vulkan GPU round trip PASSED for Gate 1 on crate_box/scene.gltf and windmill_in_soviet_village.glb at 50bb1eb; packaged scene-placement and import-scale-correction acceptance checklist PASSED on both renderers per the project owner; Windows CI re-run for these commits still pending; manual Import Scale panel has no automated test coverage (pure UI wiring) and no packaged run yet; RenegadeImportTests extended with a fixture animation entity proving auto-play on Execute, removal on Undo, and restoration on Redo",docs/ARCHITECTURE.md EngineBridge/README.md docs/PHASE4_MODEL_IMPORT_V1.md and docs/PHASE4_MODEL_IMPORT_PLACEMENT.md (import scale correction design and acceptance checklist),"Windows x64; Gate 1 packaged DX12 and Vulkan both report PASS with matching counts on crate_box/scene.gltf (1 object 1 mesh 1 material 2 texture references 7 transforms 8 hierarchy links 0 armatures 0 animations) and windmill_in_soviet_village.glb (27 objects 27 meshes 2 materials 6 texture references 70 transforms 109 hierarchy links 1 armature 1 animation) at 50bb1eb; scene placement and automatic import-scale correction (bounding-box normalize, non-destructive) both packaged-accepted on DX12 and Vulkan; no UI yet to choose a scale mode other than Automatic; no reusable project asset registration yet; manual Import Scale panel (Original/Meters/Centimeters/Inches override, positioned independently of the Inspector layout) implemented but has run no local syntax check no build and no packaged test of any kind; import animation autoplay implemented but has run no local syntax check no build and no packaged test of any kind; starts playback only, no pause/seek/scrub/blend control exists anywhere in Studio yet",GATE 1 ACCEPTANCE PASSED DX12 AND VULKAN; SCENE PLACEMENT AND AUTOMATIC IMPORT SCALE CORRECTION BOTH PASSED FULL PACKAGED ACCEPTANCE ON DX12 AND VULKAN PER THE PROJECT OWNER; MANUAL IMPORT SCALE PANEL IMPLEMENTED BUT COMPLETELY UNVERIFIED,Project owner Windows GPU check (Gate 1: crate_box and windmill_in_soviet_village both passed both renderers; scene placement and import scale correction: full acceptance checklist passed both renderers); manual Import Scale panel: not yet reviewed or run
REN-EDT-001,Reference editor,Wicked Editor parity oracle,WickedEngine/Editor,3a800b7134aafe58461093c8abb2e274d4e64033,T3,Reference only,Available,Available,WISCENE,Available upstream,TBD,WickedEngine/Content/Documentation/WickedEditor-Manual.pdf,Not shipped as Renegade editor,NOT VERIFIED,TBD
REN-PRJ-001,Projects,Project create open and recent registry,EngineBridge/ProjectService,N/A Renegade-owned,T1,Phase 3 Project Hub passed packaged Windows testing,Available through ProjectService,Not applicable,.renegade v2 with stable project UUID plus WISCENE startup scene; Studio migrates legacy v1 descriptors,Not applicable,RenegadeBridgeTests and RenegadeIdentityTests project lifecycle and migration,docs/PHASE3_PROJECT_HUB.md docs/LF01_STABLE_IDENTITY_PROOF.md,Windows x64 first implementation,WINDOWS HUB PASSED; LF01 MIGRATION TEST PASSED,Project owner Windows GPU check
REN-ID-001,Identity,Stable project document and entity identity,EngineBridge/IdentityService and Wicked MetadataComponent,N/A Renegade-owned over pinned Wicked metadata,T1,No creator-facing UI in LF01; Studio migrates legacy project descriptors during OpenProject,Available through IdentityService ProjectService SceneDocumentService and DuplicateEntityCommand,Not applicable,.renegade v2 project UUID; renegade-document v1 envelope; WISCENE MetadataComponent persistent entity UUIDs,Duplicate command assigns fresh IDs and preserves them through Undo/Redo,RenegadeIdentityTests plus full 13-test Release CTest suite,docs/LF01_STABLE_IDENTITY_PROOF.md docs/ARCHITECTURE.md,Windows x64 headless proof; LF02 project document transaction now implemented (see REN-ID-002); Story Flow saves prefab-derived identity and project-wide duplicate scans remain deferred,RELEASE BUILD AND 13 OF 13 CTEST PASSED,Project owner Windows VS2022-safe build 2026-08-06
REN-UI-001,Studio UI,Renegade-owned editor chrome,Studio/src/RenegadeStudioChrome.* and Studio/assets/renegade-engine-fractured-crest-logo.png,N/A Renegade-owned,T1,Accepted owned workspace with dedicated Scene Environment and Terrain modes opaque Inspector menus persistent splitters closable drawer slider-number controls sun preview transport live status-bar FPS readout owner-supplied fractured-crest logo and recovery routing for legacy dual-role Terrain/Weather scenes,Not applicable,Not applicable,Drawer state last tab and bounded panel dimensions use editor preferences; sun preview speed and FPS sampling are session-only,Transform Weather Precipitation Sun Ocean and Terrain controls use command-backed preview and commit transactions; blank-Level Environment and Sun creation is one command,Packaged RenegadeStudio Windows workspace regression plus Gate 5 lifecycle/source contract Gate 6 consolidated source contract and Journey recovery source/hash/control/readability/wrapping/layout contracts,docs/PHASE3_STUDIO_CHROME_VISUAL_PROOF.md docs/PHASE3_WORKSPACE_STABILIZATION_CORRECTION.md docs/PHASE3_ENVIRONMENT_WORKSPACE_PRECIPITATION.md docs/PHASE3_SUN_TIME_OF_DAY_AUTHORING.md docs/PHASE3_NATIVE_OCEAN_AUTHORING.md docs/PHASE3_STUDIO_CHROME_FUNCTIONAL_SLICE.md docs/SCENE_UI_GATE5_ENVIRONMENT_TERRAIN.md docs/SCENE_UI_GATE6_CONSOLIDATED_ACCEPTANCE.md docs/STORY_FLOW_JOURNEY_RECOVERY_9A_9F.md and docs/STORY_FLOW_GATE9F_UX_HARDENING.md,Windows x64 DX12 first with Vulkan cross-check; Gate 5 is owner accepted; Gate 6 exact-head CI and packaged consolidated owner acceptance remain required,PR105 CORRECTED HEAD 93659C2 PASSED FOUR-WAY CI AND OWNER PACKAGED RELEASE; MERGED AS 1E0470A; GATE6 CONSOLIDATED ACCEPTANCE PENDING,Project owner Windows GPU check
REN-RUN-003,Runtime,Governed Runtime Screen contract and stable actions,WickedEngine scheduling/input plus Renegade ScreenService ScreenRenderer ScreenAuthoringSession RuntimeActionDispatcher and native Screen Editor path,3a800b7134aafe58461093c8abb2e274d4e64033,T1,Gate 8A schema v2 and Gate 8B shared renderer merged; Gate 8C first-class Screen Editor shell now implemented with hierarchy live preview stable selection Inspector Save Undo Redo and guarded Return,Available through ScreenService v2 Renegade ScreenRenderer exact frame/presentation contract and ScreenAuthoringSession validated mutation/history boundary,Visible through the Gate 8C Screen Editor shell when a governed Screen is opened from Story Flow,Renegade runtime-screen schema v2 with stable identity deterministic schema-v1 migration parent-anchor layout explicit canvas policy governed fonts and visual states plus optional project startup_screen_id and project-relative path hint,Screen-specific bounded snapshot history; absolute and anchored resolved-layout edits validate before entry; Save uses transactional WriteScreenDocument,RenegadeScreenTests RenegadeScreenRendererTests RenegadeScreenAuthoringSessionTests RenegadeRuntimeScreenTests RenegadeRuntimeFlowTests StoryFlow Screen suites and packaged LP03 fixture,Runtime/LP03-README.md docs/LP03_MINIMAL_RUNTIME_SCREEN.md docs/STORY_FLOW_GATE8B_SHARED_SCREEN_RENDERER.md docs/STORY_FLOW_GATE8C_SCREEN_EDITOR_SHELL.md docs/ARCHITECTURE.md docs/ROADMAP.md,Windows x64; Gate 8C edits existing schema-v2 elements only; element creation broader controls reusable components state styling data binding HUD video and physical gamepad remain later Gate 8 slices,GATE 8B MERGED AND OWNER-ACCEPTED; GATE 8C IMPLEMENTED LOCALLY; FOCUSED GNU C++17 SYNTAX CHECKS PASS; WINDOWS CI AND OWNER RELEASE VISUAL AUDIT PENDING,GitHub Actions plus project owner exact packaged acceptance
REN-ID-002,Identity,Project document transaction (LF02),EngineBridge/ProjectDocumentTransaction N/A Renegade-owned,N/A Renegade-owned over pinned Wicked wi::config,T1,No creator-facing UI; no project-wide multi-document Save command,Available through ProjectDocumentTransaction ProjectService WriteProject FlowService WriteFlowDocument and ScreenService WriteScreenDocument,Not applicable,.renegade descriptor plus renegade-document v1 envelope documents (Story Flow and Runtime screen) now commit through a same-directory staged write validate backup deterministic path-ordered atomic replace and journaled rollback/recovery transaction,Not applicable; editor-owned Flow and Screen dirty-state tracking deferred until mutable editor document models exist,RenegadeProjectDocumentTransactionTests (16 checks) RenegadeProjectServiceTransactionTests (4 checks) plus extended RenegadeFlowTests and RenegadeScreenTests transactional-update coverage; full CTest suite 19 of 19,docs/LF02_PROJECT_DOCUMENT_TRANSACTIONS.md docs/LF01_STABLE_IDENTITY_PROOF.md and docs/ARCHITECTURE.md,Windows x64; forced failure at every transaction stage backup rollback and interruption recovery proven; migration-content validation failure (as opposed to I/O failure) not yet covered by a dedicated test; ReplaceFileAtomically duplicated between SceneDocumentService.cpp and ProjectDocumentTransaction.cpp pending extraction,PASS WITH LIMITATIONS; DEBUG AND RELEASE CI PASSED AT c58a3dd (Renegade Studio run 31131260961 and Windows baseline run 31131262731); LOCAL DEBUG AND RELEASE 19 OF 19 CTEST PASSED,Project owner Windows VS2026 BuildTools build 2026-08-07 plus GitHub Actions CI
REN-DEP-001,Build,Representative dependency closure,Renegade DependencyService plus Wicked public ECS component APIs,3a800b7134aafe58461093c8abb2e274d4e64033,T1,LP05 Gates 1-8 complete and accepted; Gate 8 adds packaged separate-process determinism and complete read-only source evidence,Available through UI-free DependencyCollector transactional provider sinks typed document and WISCENE providers LuaDependencyPolicyProvider transitive traversal SerializeDependencyGraph and the packaged RenegadeDependencyProcessFixture proof harness,Not exposed,Versioned deterministic dependency graph JSON available for LC01; packaged proof runs twice and writes only outside its fixture; no dependency copying cooking repair or game packaging occurs in LP05,Not applicable,RenegadeDependencyTests covers path security typed providers all negative diagnostics representative recursive closure cycles hashes idempotence byte-identical JSON and invalid references; packaged Debug and Release builds run the dependency proof executable twice and compare graph hashes plus every fixture source SHA-256 before and after; RenegadeProjectServiceTransactionTests covers Always Include persistence and graph projection,docs/LP05_REPRESENTATIVE_DEPENDENCY_EXTRACTION.md,Windows x64; Wicked pin unchanged; packaged mini-project uses a fixed typed proof provider because production-provider integration is already covered by Gate 7; exact Debug and Release graph hashes matched,GATE 8 AND LP05 ACCEPTED AT MERGE fec9b52; EXACT HEAD 8abb9fa PASSED STUDIO RUN 144 AND BASELINE RUN 150,Project owner independent exact-head review
REN-AST-001,Assets,Stable asset registry,EngineBridge/AssetRegistryService,N/A Renegade-owned over LP05 graph,T1,No UI change in LC01 Gate 1,UI-free graph-to-registry refresh validation and JSON serialization implemented,Not exposed,Versioned renegade-asset-registry JSON contract implemented in memory; authoritative persistence added separately by Gate 2,Not applicable; Gate 1 is read-only,RenegadeAssetRegistryTests covers graph projection stable UUID retention missing sources runtime-support exclusion added changed removed reporting deterministic JSON and invalid registry rejection,docs/LC01_ASSET_IDENTITY_SOURCE_TRACKING.md docs/ARCHITECTURE.md,Windows x64; exact final head passed Debug and Release; isolated Linux host syntax check passed; Wicked unchanged,LC01 GATE 1 ACCEPTED AT MERGE 580e5a5; EXACT HEAD 0cd63d8 PASSED STUDIO RUN 147 AND BASELINE RUN 154,Project owner independent exact-head review
REN-AST-002,Assets,Transactional asset registry persistence,EngineBridge/AssetRegistryService plus ProjectDocumentTransaction,N/A Renegade-owned,T1,No UI change in LC01 Gate 2,Fixed project-root persistence canonical reload staged exact-byte validation no-op commit shared Project Open journal recovery and filesystem-resolved containment implemented,Not exposed,AssetRegistry.renegade-assets is authoritative durable project metadata; transaction journals are temporary under Intermediate/Transactions,Not applicable; persistence is service-owned and UI-free,RenegadeAssetRegistryPersistenceTests covers canonical commit reload no-op invalid and substituted write rejection replacement failure old-byte preservation interrupted-write Project Open recovery Windows short/long root aliases cross-project rejection and non-canonical rejection; command-runner probe requires deliberate exit 23 to propagate,docs/LC01_ASSET_IDENTITY_SOURCE_TRACKING.md docs/ARCHITECTURE.md,Windows x64; PR 35 evidence invalidated by raw 24 of 25 result; corrective head passed genuine 25 of 25 in Debug and Release; isolated Linux transaction harness passed; Wicked unchanged,LC01 GATE 2 ACCEPTED AT MERGE 489e33d; CORRECTIVE HEAD 61dfaa8 PASSED STUDIO RUN 158 AND BASELINE RUN 174,Project owner and independent AI review
REN-AST-003,Assets,Source-to-imported-product provenance,EngineBridge/AssetRegistryService,N/A Renegade-owned,T1,No UI change in LC01 Gate 3,Stable source and product IDs canonical versioned import settings importer identity and import-time hash snapshots implemented,Not exposed,renegade-asset-registry v2 stores ID-keyed import provenance and remains readable by later schemas,Not applicable; metadata registration never invokes an importer or writes creator files,RenegadeAssetRegistryTests covers deterministic provenance registration reload status stale hashes invalid links duplicate product ownership and refresh retention,docs/LC01_ASSET_IDENTITY_SOURCE_TRACKING.md docs/ARCHITECTURE.md,Windows x64; exact PR head passed Debug and Release 25 of 25 with Wicked unchanged,LC01 GATE 3 ACCEPTED AT MERGE c2ace92; EXACT HEAD 667e6d1 PASSED STUDIO RUN 160 AND BASELINE RUN 177,Project owner independent review
REN-AST-004,Assets,Moved and missing asset recovery,EngineBridge/AssetRegistryService,N/A Renegade-owned,T1,No UI change in LC01 Gate 4,UI-free deterministic tombstones and bidirectionally unique identity recovery implemented,Not exposed,renegade-asset-registry v3 stores last-known recovery evidence while retaining v1/v2 read compatibility,Not applicable; refresh reads graph metadata and never moves edits or imports creator files,RenegadeAssetRegistryTests covers unique move genuine loss byte-identical tombstone reload unique reappearance one-to-many ambiguity many-to-one ambiguity and provenance continuity,docs/LC01_ASSET_IDENTITY_SOURCE_TRACKING.md docs/ARCHITECTURE.md,Windows x64; exact final head passed raw 25 of 25 in Debug and Release; local isolated Linux harness passed; Wicked unchanged,LC01 GATE 4 ACCEPTED AT MERGE b45de5e; EXACT HEAD 523f2ac PASSED STUDIO RUN 163 AND BASELINE RUN 181,Project owner and independent AI review
REN-AST-005,Assets,Packaged source-update and reopen proof,RenegadeAssetRegistryProcessFixture plus Windows package evidence,N/A Renegade-owned,T1,No UI change in LC01 Gate 5,Four-process packaged proof uses Project Open dependency collection registry persistence provenance status update and moved-source recovery,Not exposed,Canonical AssetRegistry.renegade-assets evidence from an artifact-only working project; immutable packaged fixture remains hash-verified,Not applicable; proof does not invoke reimport alter imported products or cook/copy standalone assets,Packaged Debug and Release proof covers init source update moved-source reopen unchanged reopen stable UUID stale provenance byte-identical final evidence and fixture SHA-256 preservation,docs/LC01_ASSET_IDENTITY_SOURCE_TRACKING.md docs/ARCHITECTURE.md,Windows x64; exact final head 3d3e780 passed Studio run 166 and baseline run 185 in Debug and Release; all four packaged phases passed; final registry SHA-256 547a26c09e6a74394cc9bc67885070272928f5af14d736e8e086d022f0aeea0e at 2180 bytes; Wicked unchanged,LC01 GATE 5 AND LC01 ACCEPTED AT MERGE 01d790b; EXACT HEAD 3d3e780 PASSED STUDIO RUN 166 AND BASELINE RUN 185,Project owner independent exact-head review
REN-BLD-001,Build,Owner-visible standalone Windows game build,Renegade BuildService BuildStageService BuildIdentityService PackageIntegrityService BuildVerificationService BuildPromotionService WindowsGameBuildWorkflow and Runtime package bootstrap over pinned Wicked Runtime,3a800b7134aafe58461093c8abb2e274d4e64033,T1,Release Studio exposes BUILD > BUILD WINDOWS GAME... through a save-first dirty Scene and Story Flow handoff and reports exact promoted path or failure through the Output drawer,Available through UI-free LP06 build plan staging identity integrity verification shared deterministic Story Flow route authority exact bundled Runtime resource policy owner-project preparation and safe promotion services,Not exposed,Versioned deterministic project/content/runtime-support/package manifests plus named package-relative executable; reachable scene identity .wiscene.rmeta companions are required project content; promoted output remains distribution_ready=false,Not applicable; document saves use their owned histories and build replacement uses validated same-volume candidate/rollback/final transaction rather than editor Undo,RenegadeBuildPlanTests RenegadeBuildStageTests RenegadeBuildExecutableTests RenegadePackageIntegrityTests RenegadeStandalonePackageTests nine RenegadeBuildPromotion cases and RenegadeWindowsGameBuildProjectTests including shared route stale direct-call rejection exact Terrain Runtime resource admission unrelated external-file rejection and planned package-root support,docs/LP06_GATE5_SAFE_PROMOTION_CLOSEOUT.md docs/LP06_NAMED_STANDALONE_SAFE_REBUILD.md docs/SCENE_UI_GATE6_BUILD_GAME_RECOVERY.md,Windows x64 Release DX12 owner-visible claim; Debug is regression mirror; arbitrary outside-project dependencies remain fatal; Scene UI Gate 6 exact-head CI and packaged owner retest remain required; output is not commercial redistribution clearance,LP06 ACCEPTED AT MERGE 48126f8; SCENE UI GATE 6 BUILD RECOVERY IMPLEMENTED LOCALLY; DIFF AND SOURCE CONTRACTS PASS; WINDOWS CI AND OWNER PACKAGE RETEST PENDING,Project owner Windows GPU acceptance plus independent exact-head audit
REN-AST-006,Assets,Reusable project model asset lifecycle,WickedEngine/Editor/ModelImporter_FBX.cpp plus ModelImporter_GLTF.cpp plus wiScene MetadataComponent serialization through Renegade services,3a800b7134aafe58461093c8abb2e274d4e64033,T1,PR57 Draft creator recovery provides a full-height scrollable right-docked neutral-dark preview-first importer with editable governed name/destination compact labelled slider-number transform/PBR/lighting controls linked scale real-height presets identifiable seven-map material thumbnails a measured 1.82 m male plus ruler reference and post-import Asset Browser reveal/thumbnail/drag-drop,Available through ImportService AssetCatalogueService ReusableAssetService CreatorAssetWorkflowService CreatorModelMaterialPreparationService ReusableAssetInstanceService ReusableAssetDependencyService ReusableAssetRuntimeService and LP06 build services,Not exposed,Versioned .rasset container with internal WISCENE payload; creator recipe persists authored transform governed texture stable IDs plus PBR scalars; LC01 provenance; stable reusable instance ID; packaged stable-ID mapping,PlaceReusableModelCommand provides persistent wrapper placement with Undo/Redo and Save/Open proof while temporary preview lighting/ambient/mannequin never serialize,Existing LP07/LP08 lifecycle proofs plus RenegadeReusableAssetReimportRecipeTests for recipe/PBR/suffix/Surface neutral defaults and RenegadeImportTests for measured-bounds height scaling,docs/CREATOR_MODEL_IMPORT_WORKFLOW.md docs/LP07_REUSABLE_PROJECT_ASSET_WORKFLOW.md docs/LP07_GATE6_PACKAGED_RUNTIME_ACCEPTANCE.md,Windows x64; PR57 recovery remains Draft; GitHub CI is authoritative due owner CPU instability; owner must test textured GLB/GLTF FBX multi-material character preview-final parity save-reopen and packaged textured Runtime,PR57 CREATOR RECOVERY IMPLEMENTED LOCALLY; EXACT-HEAD CI INDEPENDENT AUDIT AND OWNER ACCEPTANCE REQUIRED BEFORE MERGE,GitHub Actions exact-head CI plus independent audit and project owner acceptance
REN-REN-005,Rendering,Post-processing AO GI and reflections authoring,WickedEngine/wiRenderPath3D.h and wiRenderer.h,3a800b7134aafe58461093c8abb2e274d4e64033,T1,"Gate 5 owner-accepted and merged; Gate 6 candidate extends the same RENDER workspace with AO OFF/SSAO/HBAO/MSAO, SSGI/GI Boost, SSR and planar reflection quality",Available through RenderSettingsService schema-v2 shared native RenderPath3D application seam,Native Wicked Lua coverage exists for underlying renderer APIs; curated Renegade gameplay Lua exposure remains later work,Scene-owned hidden Metadata carrier in WISCENE; Gate 5 schema v1 migrates losslessly to schema v2,SetRenderSettingsCommand covers persistent Gate 5/6 edits with Undo/Redo and no-op filtering,RenegadePhase5Gate5RenderSettingsTests RenegadePhase5Gate6RenderSettingsTests plus Gate 5/6 source contracts and packaged owner audit,docs/PHASE5_GATE5_POST_PROCESSING.md docs/PHASE5_GATE6_AO_GI_REFLECTIONS.md,Windows x64; RTAO ray-traced reflections/diffuse and path tracing are deferred to Gate 7,GATE 5 OWNER-ACCEPTED; GATE 6 IMPLEMENTED ON BRANCH; WINDOWS CI AND OWNER ACCEPTANCE PENDING,GitHub Actions plus project owner Release audit
REN-PLY-001,Gameplay,Player Start possession first-person camera and character movement,WickedEngine/wiInput.h wiPhysics.h wiScene_Components.h through Renegade PlayerService,3a800b7134aafe58461093c8abb2e274d4e64033,T1,Gate 1 candidate adds a selectable flat forward-arrow Player Start with selected capsule guide dedicated settings Inspector Hierarchy gizmo Save and Test Level workflows,Available through command-backed Player Start resolution settings action-shaped PlayerInputFrame runtime-only Wicked character capsule camera-relative movement and Runtime camera ownership,Not exposed in Gate 1,Player Start Transform Name and governed native Metadata settings serialize in WISCENE; Studio arrow/capsule visualizers and live Runtime capsule are never serialized as renderable objects,CreatePlayerStartCommand and SetPlayerControllerSettingsCommand support Undo/Redo while preserving entity identity,RenegadePhase6Gate1PlayerTests plus Phase6Gate1SourceContract and pending packaged owner movement visualizer and Inspector audit,docs/PHASE6_CAPABILITY_AUDIT.md docs/PHASE6_GATE1_PLAYER_FOUNDATION.md,Windows x64; explicit first-person capsule only; input rebinding pause reset Runtime player mesh arms animation audio Lua objectives and AI are later gates,PHASE 6 GATE 1 DRAFT CANDIDATE; LOCAL SOURCE CHECKS PENDING; WINDOWS CI AND OWNER TEST PENDING,GitHub Actions plus project owner exact packaged acceptance
REN-DIAG-001,Diagnostics,Local live Studio and Runtime evidence,Renegade DiagnosticService and DiagnosticEndpoint,N/A Renegade-owned,T3,Existing Diagnostics tab retains bounded shared event summaries,Read-only loopback snapshots and local reader; application state projections,Not exposed,No project persistence; no diagnostic file writes,Not applicable,DiagnosticServiceTests plus ReadRenegadeDiagnosticsTests.py,docs/LIVE_DIAGNOSTIC_ACCESS.md,Windows local agent required; fixed single Studio and Runtime ports; cloud-to-owner-PC access unavailable,CANDIDATE; native data and reader checks pass; Windows build and live A-D acceptance pending,Independent Windows verification required
REN-NAV-001,Navigation,Native Wicked VoxelGrid PathQuery and Character navigation with creator-authored grid agent and destination,WickedEngine/wiVoxelGrid.h wiPathQuery.h wiScene::VoxelizeScene CharacterComponent,3a800b7134aafe58461093c8abb2e274d4e64033,T1,Navigation workspace exposes fit-to-scene grid placement movable agent and destination and manual REFRESH PATH that rebakes current terrain and rigid-body render geometry before querying,NavigationService owns command-backed grid creation/rebuild persistent bindings normal Jolt rigid-body navigation admission and native path queries,Not exposed,WISCENE native VoxelGrid CharacterComponent and Renegade stable-ID metadata,Grid creation/rebuild and bindings use the shared command history; manual path refresh records the rebuild,RenegadePhase6NativeNavigationTests plus source contract prove real object voxelization PathQuery Character following and refresh rebake wiring,HANDOFF.md,Windows x64/DX12 owner verification pending; passive preview refreshes intentionally query the latest authored grid without adding Undo entries,LOCAL NATIVE TESTS PASS; EXACT-HEAD WINDOWS CI AND PACKAGED OWNER ROUTING PROOF PENDING,GitHub Actions plus project owner exact Release audit
REN-MED-001,Media,Governed native VideoComponent adoption and package parity,WickedEngine/wiVideo.h wiResourceManager plus Renegade CreatorVideoWorkflowService VideoAssetService LP08 resource services,3a800b7134aafe58461093c8abb2e274d4e64033,T1,Phase 7E Specialist Inspector exposes ADOPT MP4 plus Loop Play Pause Stop Seek and native video information,Creator selection is retained under SourceAssets/Video and imported as Content/Video .rasset; WISCENE binds by governed StableId; Studio Test Level and packaged Runtime restore the native resource,Not exposed; Wicked Video audio track remains unsupported by this component path,WISCENE persists native VideoComponent plus renegade.video asset StableId metadata; original external absolute path is not scene truth,SetVideoAssetCommand provides binding Undo/Redo; native loop edit uses existing SetVideoAuthoredStateCommand without altering governed identity,Phase7Gate7ESourceContract plus specialist regression for StableId preservation; exact owner MP4 decode Save/Reopen Test Level and standalone playback required,docs/PHASE7_INTEGRATED_REPAIR_AUDIT.md docs/ROADMAP.md,Windows x64; supported decode depends on pinned Wicked video support and GPU; audio track not claimed,INTEGRATED GOVERNED VIDEO REPAIR IMPLEMENTED; EXACT-HEAD WINDOWS CI AND OWNER MEDIA/PACKAGE ACCEPTANCE PENDING,GitHub Actions plus project owner exact Release audit
REN-REN-006,Rendering,Native mesh blending material and global render-path exposure,WickedEngine material mesh blend fields and RenderPath3D,3a800b7134aafe58461093c8abb2e274d4e64033,T1,Phase 7F merged Specialist/Inspector exposure for ordinary creator materials plus global mesh-blend enable,Available through Phase 7F material/render-settings bridge while Wicked remains render authority,Not assessed,WISCENE material state plus existing render-settings persistence seam,Persistent material/global edits are command-backed with Undo/Redo,Phase7Gate7F tests and source contract plus final Phase 7 owner regression smoke,docs/PHASE7_INTEGRATED_REPAIR_AUDIT.md docs/ROADMAP.md,Windows x64; owner visual acceptance is part of integrated Phase 7 smoke,PHASE 7F MERGED; FINAL INTEGRATED OWNER ACCEPTANCE PENDING,GitHub Actions plus project owner exact Release audit
